Date,CAD/USD,EUR/USD,NOK/USD,RUB/USD
2022-02-01 00:00:00+00:00,1.2717399597167969,0.890500009059906,8.903300285339355,77.30780029296875
2022-02-02 00:00:00+00:00,1.2689599990844727,0.8870000243186951,8.827010154724121,76.69159698486328
2022-02-03 00:00:00+00:00,1.2686400413513184,0.8849599957466125,8.815790176391602,76.1729965209961
2022-02-04 00:00:00+00:00,1.2678500413894653,0.8744500279426575,8.717479705810547,76.4114990234375
2022-02-07 00:00:00+00:00,1.274530053138733,0.8729699850082397,8.780579566955566,75.82779693603516
2022-02-08 00:00:00+00:00,1.2665599584579468,0.8738999962806702,8.770569801330566,75.41739654541016
2022-02-09 00:00:00+00:00,1.2705399990081787,0.8755599856376648,8.81840991973877,75.0354995727539
2022-02-10 00:00:00+00:00,1.26760995388031,0.875540018081665,8.812219619750977,74.71019744873047
2022-02-11 00:00:00+00:00,1.2732000350952148,0.8759999871253967,8.825200080871582,75.02729797363281
2022-02-14 00:00:00+00:00,1.2723499536514282,0.8798900246620178,8.858799934387207,77.45439910888672
2022-02-15 00:00:00+00:00,1.272860050201416,0.8844599723815918,8.883139610290527,76.4854965209961
2022-02-16 00:00:00+00:00,1.2723699808120728,0.8805299997329712,8.900239944458008,75.4729995727539
2022-02-17 00:00:00+00:00,1.2695399522781372,0.8791000247001648,8.89579963684082,75.03450012207031
2022-02-18 00:00:00+00:00,1.2704800367355347,0.8797799944877625,8.914999961853027,76.12860107421875
2022-02-21 00:00:00+00:00,1.2756600379943848,0.8836100101470947,8.975899696350098,77.36579895019531
2022-02-22 00:00:00+00:00,1.2755999565124512,0.8841999769210815,9.00236988067627,80.38300323486328
2022-02-23 00:00:00+00:00,1.276710033416748,0.8826799988746643,8.88976001739502,78.80950164794922
2022-02-24 00:00:00+00:00,1.2733900547027588,0.8845099806785583,8.89225959777832,81.41439819335938
2022-02-25 00:00:00+00:00,1.2809499502182007,0.8935999870300293,8.959759712219238,84.91500091552734
2022-02-28 00:00:00+00:00,1.2755199670791626,0.8943700194358826,8.925189971923828,83.26100158691406
2022-03-01 00:00:00+00:00,1.2666499614715576,0.8915899991989136,8.80601978302002,104.97350311279297
2022-03-02 00:00:00+00:00,1.2723499536514282,0.8982499837875366,8.8720703125,108.47949981689453
2022-03-03 00:00:00+00:00,1.2646100521087646,0.8999000191688538,8.849780082702637,102.71499633789062
2022-03-04 00:00:00+00:00,1.2670300006866455,0.9035999774932861,8.905240058898926,109.46499633789062
2022-03-07 00:00:00+00:00,1.2714099884033203,0.9195799827575684,8.968689918518066,108.84510040283203
2022-03-08 00:00:00+00:00,1.2801400423049927,0.9203600287437439,9.042280197143555,138.96510314941406
2022-03-09 00:00:00+00:00,1.2889000177383423,0.9175800085067749,8.97661018371582,129.96499633789062
2022-03-10 00:00:00+00:00,1.2798500061035156,0.9030299782752991,8.908610343933105,138.71499633789062
2022-03-11 00:00:00+00:00,1.275589942932129,0.9079399704933167,8.925880432128906,133.46499633789062
2022-03-14 00:00:00+00:00,1.2735400199890137,0.9147400259971619,8.99155044555664,132.0886993408203
2022-03-15 00:00:00+00:00,1.2821099758148193,0.9138100147247314,9.037400245666504,119.96499633789062
2022-03-16 00:00:00+00:00,1.2768800258636475,0.9116299748420715,8.99407958984375,108.27749633789062
2022-03-17 00:00:00+00:00,1.2686799764633179,0.9072800278663635,8.895139694213867,100.96510314941406
2022-03-18 00:00:00+00:00,1.263159990310669,0.9009400010108948,8.782699584960938,103.08999633789062
2022-03-21 00:00:00+00:00,1.2605799436569214,0.9055399894714355,8.750929832458496,132.0886993408203
2022-03-22 00:00:00+00:00,1.2588000297546387,0.9076700210571289,8.733400344848633,106.61499786376953
2022-03-23 00:00:00+00:00,1.2582800388336182,0.9066399931907654,8.753800392150879,105.96499633789062
2022-03-24 00:00:00+00:00,1.2559200525283813,0.9085699915885925,8.670849800109863,96.71499633789062
2022-03-25 00:00:00+00:00,1.2520400285720825,0.90829998254776,8.661109924316406,102.21499633789062
2022-03-28 00:00:00+00:00,1.248710036277771,0.9105899930000305,8.623970031738281,100.83999633789062
2022-03-29 00:00:00+00:00,1.2518199682235718,0.909600019454956,8.701899528503418,97.96510314941406
2022-03-30 00:00:00+00:00,1.2497899532318115,0.9015899896621704,8.662579536437988,87.46499633789062
2022-03-31 00:00:00+00:00,1.24822998046875,0.8959100246429443,8.560290336608887,83.46499633789062
2022-04-01 00:00:00+00:00,1.2498500347137451,0.9031500220298767,8.782520294189453,81.71499633789062
2022-04-04 00:00:00+00:00,1.2526500225067139,0.9052000045776367,8.754850387573242,84.21499633789062
2022-04-05 00:00:00+00:00,1.2486200332641602,0.9110900163650513,8.709989547729492,83.71499633789062
2022-04-06 00:00:00+00:00,1.2484400272369385,0.916890025138855,8.763899803161621,83.96499633789062
2022-04-07 00:00:00+00:00,1.2563799619674683,0.9175800085067749,8.802000045776367,82.08999633789062
2022-04-08 00:00:00+00:00,1.2586699724197388,0.9204000234603882,8.809720039367676,79.21499633789062
2022-04-11 00:00:00+00:00,1.257599949836731,0.9186999797821045,8.70580005645752,85.08999633789062
2022-04-12 00:00:00+00:00,1.264009952545166,0.9192900061607361,8.813220024108887,83.46499633789062
2022-04-13 00:00:00+00:00,1.2634400129318237,0.9236900210380554,8.763019561767578,85.33999633789062
2022-04-14 00:00:00+00:00,1.2566200494766235,0.9177200198173523,8.744400024414062,82.38999938964844
2022-04-15 00:00:00+00:00,1.2603000402450562,0.9241300225257874,8.76099967956543,82.58999633789062
2022-04-18 00:00:00+00:00,1.2615000009536743,0.9246199727058411,8.799200057983398,80.71499633789062
2022-04-19 00:00:00+00:00,1.2600200176239014,0.9274899959564209,8.837050437927246,81.08999633789062
2022-04-20 00:00:00+00:00,1.2603700160980225,0.9264000058174133,8.825039863586426,80.96499633789062
2022-04-21 00:00:00+00:00,1.2486200332641602,0.9216700196266174,8.804169654846191,82.73999786376953
2022-04-22 00:00:00+00:00,1.2589099407196045,0.9229199886322021,8.89175033569336,80.83999633789062
2022-04-25 00:00:00+00:00,1.2720999717712402,0.9249799847602844,8.94279956817627,77.33999633789062
2022-04-26 00:00:00+00:00,1.2735600471496582,0.9333400130271912,9.118419647216797,75.73999786376953
2022-04-27 00:00:00+00:00,1.2806099653244019,0.9395300149917603,9.230779647827148,74.21499633789062
2022-04-28 00:00:00+00:00,1.2813999652862549,0.947409987449646,9.320980072021484,73.83999633789062
2022-04-29 00:00:00+00:00,1.280460000038147,0.9520000219345093,9.411499977111816,72.71499633789062
2022-05-02 00:00:00+00:00,1.2853000164031982,0.9491299986839294,9.390199661254883,73.31500244140625
2022-05-03 00:00:00+00:00,1.2874000072479248,0.9515600204467773,9.428689956665039,70.56500244140625
2022-05-04 00:00:00+00:00,1.2833800315856934,0.9498000144958496,9.393400192260742,67.21489715576172
2022-05-05 00:00:00+00:00,1.2737200260162354,0.9413999915122986,9.228050231933594,66.96499633789062
2022-05-06 00:00:00+00:00,1.2826999425888062,0.9487900137901306,9.482999801635742,64.79000091552734
2022-05-09 00:00:00+00:00,1.2918200492858887,0.9494699835777283,9.523300170898438,68.96499633789062
2022-05-10 00:00:00+00:00,1.3008400201797485,0.9464499950408936,9.655380249023438,69.83999633789062
2022-05-11 00:00:00+00:00,1.3031200170516968,0.949400007724762,9.730500221252441,69.83999633789062
2022-05-12 00:00:00+00:00,1.2994400262832642,0.9512500166893005,9.748800277709961,66.71499633789062
2022-05-13 00:00:00+00:00,1.3023099899291992,0.9634299874305725,9.862449645996094,65.08999633789062
2022-05-16 00:00:00+00:00,1.2906999588012695,0.9614800214767456,9.765049934387207,66.46499633789062
2022-05-17 00:00:00+00:00,1.284999966621399,0.9579499959945679,9.763799667358398,64.58999633789062
2022-05-18 00:00:00+00:00,1.280809998512268,0.9480599761009216,9.656740188598633,64.96499633789062
2022-05-19 00:00:00+00:00,1.2884199619293213,0.9548599720001221,9.878620147705078,64.21499633789062
2022-05-20 00:00:00+00:00,1.2819600105285645,0.9452700018882751,9.694000244140625,62.09000015258789
2022-05-23 00:00:00+00:00,1.2812000513076782,0.9460899829864502,9.72439956665039,62.46500015258789
2022-05-24 00:00:00+00:00,1.2787100076675415,0.9361500144004822,9.60785961151123,58.540000915527344
2022-05-25 00:00:00+00:00,1.2822400331497192,0.9314000010490417,9.558300018310547,57.089900970458984
2022-05-26 00:00:00+00:00,1.2820199728012085,0.9357500076293945,9.565950393676758,60.315101623535156
2022-05-27 00:00:00+00:00,1.2773000001907349,0.9317100048065186,9.518269538879395,64.21499633789062
2022-05-30 00:00:00+00:00,1.2723699808120728,0.9318400025367737,9.455400466918945,66.46499633789062
2022-05-31 00:00:00+00:00,1.2655199766159058,0.9282000064849854,9.403169631958008,64.58989715576172
2022-06-01 00:00:00+00:00,1.2639000415802002,0.9316099882125854,9.350799560546875,62.71500015258789
2022-06-02 00:00:00+00:00,1.2665300369262695,0.9386000037193298,9.48069953918457,63.46500015258789
2022-06-03 00:00:00+00:00,1.2569799423217773,0.9301400184631348,9.362299919128418,63.46500015258789
2022-06-06 00:00:00+00:00,1.258489966392517,0.9323099851608276,9.428580284118652,63.21500015258789
2022-06-07 00:00:00+00:00,1.2580000162124634,0.9353299736976624,9.42553997039795,61.34000015258789
2022-06-08 00:00:00+00:00,1.253659963607788,0.9347000122070312,9.457859992980957,62.464900970458984
2022-06-09 00:00:00+00:00,1.2552000284194946,0.9330400228500366,9.474800109863281,59.9650993347168
2022-06-10 00:00:00+00:00,1.2702699899673462,0.9416900277137756,9.581259727478027,57.96500015258789
2022-06-13 00:00:00+00:00,1.2797600030899048,0.9532899856567383,9.779589653015137,110.67410278320312
2022-06-14 00:00:00+00:00,1.2890000343322754,0.9601399898529053,9.903209686279297,57.71500015258789
2022-06-15 00:00:00+00:00,1.2944799661636353,0.9577999711036682,9.989729881286621,58.34000015258789
2022-06-16 00:00:00+00:00,1.2873400449752808,0.9563699960708618,9.92549991607666,57.21500015258789
2022-06-17 00:00:00+00:00,1.2953799962997437,0.9481499791145325,9.956990242004395,57.339900970458984
2022-06-20 00:00:00+00:00,1.3000500202178955,0.9531599879264832,9.987890243530273,56.71500015258789
2022-06-21 00:00:00+00:00,1.2981799840927124,0.9505000114440918,9.884360313415527,54.71500015258789
2022-06-22 00:00:00+00:00,1.2931900024414062,0.949429988861084,9.844900131225586,53.84000015258789
2022-06-23 00:00:00+00:00,1.2963800430297852,0.9466000199317932,9.911149978637695,54.96500015258789
2022-06-24 00:00:00+00:00,1.2987099885940552,0.9505599737167358,9.974869728088379,54.46500015258789
2022-06-27 00:00:00+00:00,1.2897100448608398,0.9464200139045715,9.83899974822998,53.3650016784668
2022-06-28 00:00:00+00:00,1.2869000434875488,0.9451000094413757,9.792460441589355,53.09000015258789
2022-06-29 00:00:00+00:00,1.2872999906539917,0.9502500295639038,9.815380096435547,53.714900970458984
2022-06-30 00:00:00+00:00,1.2883299589157104,0.9572499990463257,9.88539981842041,52.4650993347168
2022-07-01 00:00:00+00:00,1.287369966506958,0.9544100165367126,9.840239524841309,54.84000015258789
2022-07-04 00:00:00+00:00,1.288599967956543,0.9584100246429443,9.966699600219727,53.23749923706055
2022-07-05 00:00:00+00:00,1.285730004310608,0.9584800004959106,9.816929817199707,54.5
2022-07-06 00:00:00+00:00,1.3034800291061401,0.9748799800872803,10.063340187072754,63.4650993347168
2022-07-07 00:00:00+00:00,1.3034000396728516,0.9817000031471252,10.131400108337402,63.51499938964844
2022-07-08 00:00:00+00:00,1.2965999841690063,0.983299970626831,10.070329666137695,63.040000915527344
2022-07-11 00:00:00+00:00,1.294700026512146,0.9836599826812744,10.038100242614746,64.86499786376953
2022-07-12 00:00:00+00:00,1.2994799613952637,0.9952700138092041,10.195300102233887,60.91999816894531
2022-07-13 00:00:00+00:00,1.303130030632019,0.9966999888420105,10.257909774780273,58.38999938964844
2022-07-14 00:00:00+00:00,1.300089955329895,0.9967399835586548,10.228919982910156,58.439998626708984
2022-07-15 00:00:00+00:00,1.3107999563217163,0.997439980506897,10.225000381469727,58.2400016784668
2022-07-18 00:00:00+00:00,1.3009400367736816,0.9904599785804749,10.168120384216309,110.67410278320312
2022-07-19 00:00:00+00:00,1.2981300354003906,0.9856899976730347,10.079839706420898,57.71500015258789
2022-07-20 00:00:00+00:00,1.2870899438858032,0.9773899912834167,9.901029586791992,56.46500015258789
2022-07-21 00:00:00+00:00,1.2883000373840332,0.9820500016212463,9.969200134277344,54.9650993347168
2022-07-22 00:00:00+00:00,1.2877999544143677,0.9783700108528137,9.9447603225708,57.96500015258789
2022-07-25 00:00:00+00:00,1.2924599647521973,0.9803699851036072,9.90999984741211,58.09000015258789
2022-07-26 00:00:00+00:00,1.2850699424743652,0.9779999852180481,9.832900047302246,58.46500015258789
2022-07-27 00:00:00+00:00,1.287369966506958,0.9872099757194519,9.886679649353027,60.09000015258789
2022-07-28 00:00:00+00:00,1.2817100286483765,0.9794999957084656,9.727250099182129,59.34000015258789
2022-07-29 00:00:00+00:00,1.2806999683380127,0.9811300039291382,9.730389595031738,62.46500015258789
2022-08-01 00:00:00+00:00,1.281559944152832,0.9796000123023987,9.685529708862305,62.21500015258789
2022-08-02 00:00:00+00:00,1.284309983253479,0.9745299816131592,9.635430335998535,60.16999816894531
2022-08-03 00:00:00+00:00,1.288789987564087,0.9846699833869934,9.780389785766602,60.790000915527344
2022-08-04 00:00:00+00:00,1.2853599786758423,0.9844800233840942,9.716690063476562,62.68510055541992
2022-08-05 00:00:00+00:00,1.287019968032837,0.975820004940033,9.721309661865234,61.46500015258789
2022-08-08 00:00:00+00:00,1.294450044631958,0.9832000136375427,9.831299781799316,60.4900016784668
2022-08-09 00:00:00+00:00,1.2856999635696411,0.9806200265884399,9.718040466308594,61.84000015258789
2022-08-10 00:00:00+00:00,1.2885899543762207,0.979610025882721,9.722990036010742,60.439998626708984
2022-08-11 00:00:00+00:00,1.277400016784668,0.97079998254776,9.513899803161621,61.46500015258789
2022-08-12 00:00:00+00:00,1.2762900590896606,0.9692999720573425,9.51990032196045,60.59000015258789
2022-08-15 00:00:00+00:00,1.2779500484466553,0.9750000238418579,9.588170051574707,62.21500015258789
2022-08-16 00:00:00+00:00,1.2903599739074707,0.9840599894523621,9.701000213623047,60.5
2022-08-17 00:00:00+00:00,1.284540057182312,0.9832199811935425,9.663649559020996,61.46500015258789
2022-08-18 00:00:00+00:00,1.2917799949645996,0.9822999835014343,9.708200454711914,60.46500015258789
2022-08-19 00:00:00+00:00,1.2947100400924683,0.9910899996757507,9.72976016998291,59.96500015258789
2022-08-22 00:00:00+00:00,1.300029993057251,0.9964900016784668,9.815799713134766,59.46500015258789
2022-08-23 00:00:00+00:00,1.3048100471496582,1.0060900449752808,9.81935977935791,60.09000015258789
2022-08-24 00:00:00+00:00,1.295799970626831,1.0033199787139893,9.700940132141113,60.21500015258789
2022-08-25 00:00:00+00:00,1.297029972076416,1.003100037574768,9.699999809265137,59.790000915527344
2022-08-26 00:00:00+00:00,1.2937599420547485,1.0028799772262573,9.662449836730957,60.34000015258789
2022-08-29 00:00:00+00:00,1.306130051612854,1.0061700344085693,9.791290283203125,60.26499938964844
2022-08-30 00:00:00+00:00,1.300130009651184,0.9986000061035156,9.732999801635742,61.71500015258789
2022-08-31 00:00:00+00:00,1.3089499473571777,0.9975000023841858,9.807609558105469,59.96500015258789
2022-09-01 00:00:00+00:00,1.3141200542449951,0.9961100220680237,9.950130462646484,60.09000015258789
2022-09-02 00:00:00+00:00,1.3144999742507935,1.00478994846344,10.045129776000977,60.17499923706055
2022-09-05 00:00:00+00:00,1.31427001953125,1.0091400146484375,10.060859680175781,60.17499923706055
2022-09-06 00:00:00+00:00,1.3128999471664429,1.0047999620437622,9.94102954864502,60.974998474121094
2022-09-07 00:00:00+00:00,1.3153799772262573,1.0103100538253784,10.032119750976562,61.2400016784668
2022-09-08 00:00:00+00:00,1.3129899501800537,1.0004299879074097,10.013299942016602,64.26490020751953
2022-09-09 00:00:00+00:00,1.3080799579620361,0.9987999796867371,10.026260375976562,61.46500015258789
2022-09-12 00:00:00+00:00,1.302299976348877,0.9929100275039673,9.865400314331055,62.185001373291016
2022-09-13 00:00:00+00:00,1.2979899644851685,0.9872099757194519,9.8371000289917,59.625
2022-09-14 00:00:00+00:00,1.3162599802017212,1.0017999410629272,10.093310356140137,58.5
2022-09-15 00:00:00+00:00,1.3160500526428223,1.0016000270843506,10.08584976196289,59.689998626708984
2022-09-16 00:00:00+00:00,1.3246999979019165,1.001170039176941,10.184020042419434,59.59000015258789
2022-09-19 00:00:00+00:00,1.325819969177246,0.9977700114250183,10.179900169372559,59.5
2022-09-20 00:00:00+00:00,1.3243399858474731,0.9970499873161316,10.203700065612793,60.040000915527344
2022-09-21 00:00:00+00:00,1.336300015449524,1.0029300451278687,10.332090377807617,60.400001525878906
2022-09-22 00:00:00+00:00,1.3478699922561646,1.0172200202941895,10.365050315856934,61.564998626708984
2022-09-23 00:00:00+00:00,1.3471100330352783,1.0161000490188599,10.397600173950195,61.46500015258789
2022-09-26 00:00:00+00:00,1.3580800294876099,1.031999945640564,10.588910102844238,57.21500015258789
2022-09-27 00:00:00+00:00,1.3710600137710571,1.0391000509262085,10.784899711608887,58.46500015258789
2022-09-28 00:00:00+00:00,1.372249960899353,1.042080044746399,10.791449546813965,58.8650016784668
2022-09-29 00:00:00+00:00,1.3627899885177612,1.030060052871704,10.696599960327148,58.41510009765625
2022-09-30 00:00:00+00:00,1.3674499988555908,1.0173399448394775,10.67590045928955,57.46500015258789
2022-10-03 00:00:00+00:00,1.378730058670044,1.0211700201034546,10.87339973449707,60.21500015258789
2022-10-04 00:00:00+00:00,1.3628100156784058,1.0170799493789673,10.638299942016602,57.9900016784668
2022-10-05 00:00:00+00:00,1.350540041923523,1.0015699863433838,10.440400123596191,58.9900016784668
2022-10-06 00:00:00+00:00,1.359779953956604,1.0089800357818604,10.482830047607422,61.28990173339844
2022-10-07 00:00:00+00:00,1.3740999698638916,1.0215500593185425,10.72208023071289,60.4900016784668
2022-10-10 00:00:00+00:00,1.3732099533081055,1.0272200107574463,10.703849792480469,64.33499908447266
2022-10-11 00:00:00+00:00,1.377500057220459,1.029860019683838,10.674200057983398,61.96500015258789
2022-10-12 00:00:00+00:00,1.3791500329971313,1.0309100151062012,10.753910064697266,64.125
2022-10-13 00:00:00+00:00,1.3815699815750122,1.030079960823059,10.762619972229004,63.689998626708984
2022-10-14 00:00:00+00:00,1.3760099411010742,1.0255000591278076,10.579110145568848,63.964900970458984
2022-10-17 00:00:00+00:00,1.3854999542236328,1.0267599821090698,10.640299797058105,62.6150016784668
2022-10-18 00:00:00+00:00,1.3712899684906006,1.0155999660491943,10.51550006866455,62.01499938964844
2022-10-19 00:00:00+00:00,1.3726199865341187,1.013800024986267,10.53672981262207,62.26499938964844
2022-10-20 00:00:00+00:00,1.3772799968719482,1.0239100456237793,10.623530387878418,60.96500015258789
2022-10-21 00:00:00+00:00,1.3777300119400024,1.0226099491119385,10.6664400100708,61.6150016784668
2022-10-24 00:00:00+00:00,1.3646199703216553,1.0141899585723877,10.497249603271484,61.6150016784668
2022-10-25 00:00:00+00:00,1.3695199489593506,1.0114799737930298,10.496760368347168,61.21500015258789
2022-10-26 00:00:00+00:00,1.3616700172424316,1.003640055656433,10.3996000289917,62.21500015258789
2022-10-27 00:00:00+00:00,1.3552000522613525,0.9908900260925293,10.23114013671875,61.2400016784668
2022-10-28 00:00:00+00:00,1.3564499616622925,1.0032299757003784,10.270159721374512,61.290000915527344
2022-10-31 00:00:00+00:00,1.3608100414276123,1.004520058631897,10.316120147705078,61.4900016784668
2022-11-01 00:00:00+00:00,1.3610700368881226,1.0115000009536743,10.381420135498047,62.01499938964844
2022-11-02 00:00:00+00:00,1.361799955368042,1.0123599767684937,10.345990180969238,61.714900970458984
2022-11-03 00:00:00+00:00,1.3715200424194336,1.0189100503921509,10.461629867553711,61.665000915527344
2022-11-04 00:00:00+00:00,1.3742400407791138,1.0256799459457397,10.57841968536377,62.314998626708984
2022-11-07 00:00:00+00:00,1.3512500524520874,1.0071699619293213,10.256369590759277,61.96500015258789
2022-11-08 00:00:00+00:00,1.3493499755859375,0.9981399774551392,10.220800399780273,63.165000915527344
2022-11-09 00:00:00+00:00,1.341539978981018,0.9919800162315369,10.227999687194824,60.939998626708984
2022-11-10 00:00:00+00:00,1.3526500463485718,0.9980499744415283,10.36989974975586,61.6150016784668
2022-11-11 00:00:00+00:00,1.333150029182434,0.9811400175094604,10.099969863891602,60.71500015258789
2022-11-14 00:00:00+00:00,1.3253999948501587,0.9681900143623352,9.925299644470215,60.51499938964844
2022-11-15 00:00:00+00:00,1.3324700593948364,0.9690600037574768,10.036860466003418,59.53499984741211
2022-11-16 00:00:00+00:00,1.3273500204086304,0.9654499888420105,9.97931957244873,61.3651008605957
2022-11-17 00:00:00+00:00,1.333549976348877,0.9620000123977661,9.999750137329102,60.7400016784668
2022-11-18 00:00:00+00:00,1.3321399688720703,0.9650899767875671,10.118229866027832,60.3650016784668
2022-11-21 00:00:00+00:00,1.337689995765686,0.9679700136184692,10.150050163269043,60.814998626708984
2022-11-22 00:00:00+00:00,1.3446300029754639,0.9760199785232544,10.249320030212402,60.625
2022-11-23 00:00:00+00:00,1.3362499475479126,0.9698299765586853,10.096540451049805,60.630001068115234
2022-11-24 00:00:00+00:00,1.3343600034713745,0.9600399732589722,9.931320190429688,60.76499938964844
2022-11-25 00:00:00+00:00,1.3336600065231323,0.9607899785041809,9.90719985961914,60.33000183105469
2022-11-28 00:00:00+00:00,1.3409600257873535,0.9645500183105469,9.90880012512207,60.46500015258789
2022-11-29 00:00:00+00:00,1.3489899635314941,0.9666000008583069,10.011560440063477,61.814998626708984
2022-11-30 00:00:00+00:00,1.3583600521087646,0.9685699939727783,10.007550239562988,60.810001373291016
2022-12-01 00:00:00+00:00,1.3411999940872192,0.9592000246047974,9.822739601135254,60.9900016784668
2022-12-02 00:00:00+00:00,1.3435499668121338,0.9498100280761719,9.71481990814209,61.18000030517578
2022-12-05 00:00:00+00:00,1.3444000482559204,0.948390007019043,9.753239631652832,60.51499938964844
2022-12-06 00:00:00+00:00,1.3588000535964966,0.9526600241661072,9.942689895629883,60.51499938964844
2022-12-07 00:00:00+00:00,1.3649400472640991,0.9552000164985657,10.007940292358398,60.51499938964844
2022-12-08 00:00:00+00:00,1.36489999294281,0.9511799812316895,10.014599800109863,63.464900970458984
2022-12-09 00:00:00+00:00,1.3597700595855713,0.9470000267028809,9.960399627685547,63.3650016784668
2022-12-12 00:00:00+00:00,1.365530014038086,0.9503700137138367,9.968649864196777,62.47999954223633
2022-12-13 00:00:00+00:00,1.363029956817627,0.9486100077629089,9.98069953918457,62.625
2022-12-14 00:00:00+00:00,1.3555400371551514,0.9410300254821777,9.777190208435059,63.18000030517578
2022-12-15 00:00:00+00:00,1.3550200462341309,0.9366499781608582,9.717720031738281,64.71499633789062
2022-12-16 00:00:00+00:00,1.365820050239563,0.9398000240325928,9.853099822998047,64.61499786376953
2022-12-19 00:00:00+00:00,1.3688600063323975,0.9447299838066101,9.827099800109863,64.83999633789062
2022-12-20 00:00:00+00:00,1.364300012588501,0.9420999884605408,9.892459869384766,69.71499633789062
2022-12-21 00:00:00+00:00,1.3599400520324707,0.9409999847412109,9.879500389099121,69.25
2022-12-22 00:00:00+00:00,1.3612699508666992,0.9424999952316284,9.831310272216797,73.21499633789062
2022-12-23 00:00:00+00:00,1.3636800050735474,0.9430999755859375,9.862540245056152,68.21499633789062
2022-12-26 00:00:00+00:00,1.358970046043396,0.9373999834060669,9.832779884338379,70.21499633789062
2022-12-27 00:00:00+00:00,1.3557000160217285,0.9398300051689148,9.813030242919922,68.33000183105469
2022-12-28 00:00:00+00:00,1.3524999618530273,0.9401000142097473,9.819430351257324,69.96499633789062
2022-12-29 00:00:00+00:00,1.3599400520324707,0.9408000111579895,9.87594985961914,72.71499633789062
2022-12-30 00:00:00+00:00,1.3552000522613525,0.9380199909210205,9.879690170288086,73.96499633789062
2023-01-02 00:00:00+00:00,1.352810025215149,0.9337300062179565,9.768489837646484,73.71499633789062
2023-01-03 00:00:00+00:00,1.3559000492095947,0.9365299940109253,9.842809677124023,70.99549865722656
2023-01-04 00:00:00+00:00,1.3674099445343018,0.9481499791145325,10.089249610900879,73.01499938964844
2023-01-05 00:00:00+00:00,1.3485100269317627,0.9428300261497498,10.08178997039795,72.46499633789062
2023-01-06 00:00:00+00:00,1.3559900522232056,0.9503700137138367,10.245659828186035,72.11499786376953
2023-01-09 00:00:00+00:00,1.3435200452804565,0.9384099841117859,9.985950469970703,72.46499633789062
2023-01-10 00:00:00+00:00,1.3393700122833252,0.931689977645874,9.875020027160645,69.87999725341797
2023-01-11 00:00:00+00:00,1.3432899713516235,0.931190013885498,9.98270034790039,69.63999938964844
2023-01-12 00:00:00+00:00,1.343000054359436,0.928849995136261,9.988069534301758,69.11900329589844
2023-01-13 00:00:00+00:00,1.3375999927520752,0.9207900166511536,9.88290023803711,67.75
2023-01-16 00:00:00+00:00,1.3396199941635132,0.9238200187683105,9.899900436401367,65.96499633789062
2023-01-17 00:00:00+00:00,1.3397799730300903,0.9233499765396118,9.857629776000977,68.71499633789062
2023-01-18 00:00:00+00:00,1.3389999866485596,0.9265000224113464,9.877010345458984,68.46499633789062
2023-01-19 00:00:00+00:00,1.3495800495147705,0.926110029220581,9.913100242614746,68.71499633789062
2023-01-20 00:00:00+00:00,1.3463799953460693,0.9230300188064575,9.896849632263184,69.36499786376953
2023-01-23 00:00:00+00:00,1.3371000289916992,0.9203799962997437,9.845450401306152,68.21499633789062
2023-01-24 00:00:00+00:00,1.3370100259780884,0.9196000099182129,9.817520141601562,68.94499969482422
2023-01-25 00:00:00+00:00,1.3374799489974976,0.918429970741272,9.860340118408203,69.41500091552734
2023-01-26 00:00:00+00:00,1.3380199670791626,0.9155799746513367,9.888299942016602,69.19499969482422
2023-01-27 00:00:00+00:00,1.3316099643707275,0.917900025844574,9.852580070495605,69.46499633789062
2023-01-30 00:00:00+00:00,1.3303200006484985,0.9198399782180786,9.888699531555176,70.69249725341797
2023-01-31 00:00:00+00:00,1.338379979133606,0.9215999841690063,9.977060317993164,69.87999725341797
2023-02-01 00:00:00+00:00,1.3306000232696533,0.9207299947738647,9.98052978515625,70.55000305175781
2023-02-02 00:00:00+00:00,1.3274999856948853,0.9080299735069275,9.88029956817627,69.9000015258789
2023-02-03 00:00:00+00:00,1.3316600322723389,0.9169999957084656,10.043840408325195,75.03099822998047
2023-02-06 00:00:00+00:00,1.3399699926376343,0.9267100095748901,10.22249984741211,70.61499786376953
2023-02-07 00:00:00+00:00,1.344099998474121,0.9319000244140625,10.336819648742676,71.4749984741211
2023-02-08 00:00:00+00:00,1.3390100002288818,0.9319900274276733,10.314399719238281,72.0999984741211
2023-02-09 00:00:00+00:00,1.344499945640564,0.9332000017166138,10.311079978942871,73.22100067138672
2023-02-10 00:00:00+00:00,1.3448699712753296,0.930899977684021,10.177029609680176,73.00499725341797
2023-02-13 00:00:00+00:00,1.3357399702072144,0.9365299940109253,10.130180358886719,73.07499694824219
2023-02-14 00:00:00+00:00,1.3333100080490112,0.9319300055503845,10.08806037902832,74.06400299072266
2023-02-15 00:00:00+00:00,1.3340599536895752,0.9314699769020081,10.135869979858398,73.56500244140625
2023-02-16 00:00:00+00:00,1.3390599489212036,0.9352999925613403,10.20680046081543,73.96499633789062
2023-02-17 00:00:00+00:00,1.3473000526428223,0.9375799894332886,10.25492000579834,74.68000030517578
2023-02-20 00:00:00+00:00,1.3481999635696411,0.9359400272369385,10.287810325622559,73.96499633789062
2023-02-21 00:00:00+00:00,1.3452999591827393,0.9361000061035156,10.234720230102539,75.46399688720703
2023-02-22 00:00:00+00:00,1.3534899950027466,0.9387900233268738,10.2946195602417,74.61499786376953
2023-02-23 00:00:00+00:00,1.3545399904251099,0.9428799748420715,10.351499557495117,74.86499786376953
2023-02-24 00:00:00+00:00,1.3543200492858887,0.9435700178146362,10.302940368652344,75.36499786376953
2023-02-27 00:00:00+00:00,1.3593699932098389,0.9474400281906128,10.351200103759766,75.9800033569336
2023-02-28 00:00:00+00:00,1.3573999404907227,0.9423999786376953,10.334600448608398,74.61499786376953
2023-03-01 00:00:00+00:00,1.3645199537277222,0.9454200267791748,10.382329940795898,75.01499938964844
2023-03-02 00:00:00+00:00,1.3589600324630737,0.9373000264167786,10.37732982635498,75.2300033569336
2023-03-03 00:00:00+00:00,1.3594800233840942,0.9434199929237366,10.442760467529297,75.48999786376953
2023-03-06 00:00:00+00:00,1.3602999448776245,0.941070020198822,10.388500213623047,75.36499786376953
2023-03-07 00:00:00+00:00,1.3616199493408203,0.9355999827384949,10.41331958770752,75.36499786376953
2023-03-08 00:00:00+00:00,1.3747999668121338,0.9477999806404114,10.686380386352539,75.56500244140625
2023-03-09 00:00:00+00:00,1.3799400329589844,0.9479100108146667,10.673199653625488,76.01499938964844
2023-03-10 00:00:00+00:00,1.3831000328063965,0.9447600245475769,10.660209655761719,75.81500244140625
2023-03-13 00:00:00+00:00,1.3763799667358398,0.9360100030899048,10.622400283813477,76.16500091552734
2023-03-14 00:00:00+00:00,1.373520016670227,0.9323999881744385,10.557330131530762,75.51499938964844
2023-03-15 00:00:00+00:00,1.3688900470733643,0.9321699738502502,10.548410415649414,75.71499633789062
2023-03-16 00:00:00+00:00,1.3764899969100952,0.9448800086975098,10.75016975402832,5.0
2023-03-17 00:00:00+00:00,1.3719099760055542,0.9421399831771851,10.746700286865234,76.46499633789062
2023-03-20 00:00:00+00:00,1.3709800243377686,0.9364299774169922,10.659390449523926,76.92500305175781
2023-03-21 00:00:00+00:00,1.3671000003814697,0.9329100251197815,10.646289825439453,77.46499633789062
2023-03-22 00:00:00+00:00,1.3708800077438354,0.9281399846076965,10.53201961517334,77.21499633789062
2023-03-23 00:00:00+00:00,1.3716700077056885,0.9199299812316895,10.441200256347656,76.88999938964844
2023-03-24 00:00:00+00:00,1.3717000484466553,0.9229300022125244,10.398110389709473,75.96499633789062
2023-03-27 00:00:00+00:00,1.3727400302886963,0.9277999997138977,10.458109855651855,77.24500274658203
2023-03-28 00:00:00+00:00,1.3654099702835083,0.925320029258728,10.455499649047852,76.5
2023-03-29 00:00:00+00:00,1.3593300580978394,0.9225500226020813,10.354559898376465,76.5250015258789
2023-03-30 00:00:00+00:00,1.3563100099563599,0.9222000241279602,10.41720962524414,77.29000091552734
2023-03-31 00:00:00+00:00,1.3521900177001953,0.9170399904251099,10.394519805908203,77.23999786376953
2023-04-03 00:00:00+00:00,1.3501800298690796,0.9256399869918823,10.449870109558105,77.96499633789062
2023-04-04 00:00:00+00:00,1.343369960784912,0.9164000153541565,10.274999618530273,78.61499786376953
2023-04-05 00:00:00+00:00,1.3437999486923218,0.9124000072479248,10.30150032043457,79.26499938964844
2023-04-06 00:00:00+00:00,1.3454300165176392,0.9171500205993652,10.44983959197998,80.16500091552734
2023-04-07 00:00:00+00:00,1.3494999408721924,0.9157400131225586,10.441069602966309,81.16500091552734
2023-04-10 00:00:00+00:00,1.3503999710083008,0.9162899851799011,10.491299629211426,81.06500244140625
2023-04-11 00:00:00+00:00,1.3503400087356567,0.9200199842453003,10.51533031463623,81.625
2023-04-12 00:00:00+00:00,1.346250057220459,0.9159600138664246,10.555740356445312,81.06500244140625
2023-04-13 00:00:00+00:00,1.343999981880188,0.9090999960899353,10.433159828186035,82.01499938964844
2023-04-14 00:00:00+00:00,1.3339999914169312,0.9046000242233276,10.30348014831543,81.66500091552734
2023-04-17 00:00:00+00:00,1.3365000486373901,0.9101999998092651,10.383399963378906,81.51499938964844
2023-04-18 00:00:00+00:00,1.3392000198364258,0.9153000116348267,10.478170394897461,82.01499938964844
2023-04-19 00:00:00+00:00,1.3390899896621704,0.9111300110816956,10.462340354919434,81.76499938964844
2023-04-20 00:00:00+00:00,1.3467999696731567,0.9130600094795227,10.583620071411133,81.66500091552734
2023-04-21 00:00:00+00:00,1.348080039024353,0.9114999771118164,10.58117961883545,81.76499938964844
2023-04-24 00:00:00+00:00,1.3538399934768677,0.9097300171852112,10.584500312805176,81.41500091552734
2023-04-25 00:00:00+00:00,1.353369951248169,0.90420001745224,10.522700309753418,81.45999908447266
2023-04-26 00:00:00+00:00,1.361840009689331,0.9108800292015076,10.665410041809082,80.81600189208984
2023-04-27 00:00:00+00:00,1.363070011138916,0.9052000045776367,10.624699592590332,81.76499938964844
2023-04-28 00:00:00+00:00,1.359969973564148,0.9064499735832214,10.607919692993164,81.81500244140625
2023-05-01 00:00:00+00:00,1.3559099435806274,0.9081900119781494,10.672539710998535,80.41500091552734
2023-05-02 00:00:00+00:00,1.3552000522613525,0.9116399884223938,10.737640380859375,80.66500091552734
2023-05-03 00:00:00+00:00,1.3619500398635864,0.9081900119781494,10.803199768066406,80.07499694824219
2023-05-04 00:00:00+00:00,1.3631900548934937,0.9034299850463867,10.762680053710938,79.46499633789062
2023-05-05 00:00:00+00:00,1.3523000478744507,0.9071999788284302,10.678000450134277,78.46499633789062
2023-05-08 00:00:00+00:00,1.3380000591278076,0.9075499773025513,10.570899963378906,77.7750015258789
2023-05-09 00:00:00+00:00,1.3372399806976318,0.9094099998474121,10.500419616699219,77.69000244140625
2023-05-10 00:00:00+00:00,1.337499976158142,0.9120200276374817,10.565779685974121,77.96499633789062
2023-05-11 00:00:00+00:00,1.3372100591659546,0.9104099869728088,10.49899959564209,77.69000244140625
2023-05-12 00:00:00+00:00,1.3493000268936157,0.9164100289344788,10.671839714050293,76.96499633789062
2023-05-15 00:00:00+00:00,1.3553999662399292,0.9214299917221069,10.674799919128418,77.32499694824219
2023-05-16 00:00:00+00:00,1.346500039100647,0.9196500182151794,10.593689918518066,79.71499633789062
2023-05-17 00:00:00+00:00,1.3477200269699097,0.9203299880027771,10.719670295715332,80.45500183105469
2023-05-18 00:00:00+00:00,1.3466700315475464,0.9226499795913696,10.771100044250488,79.71499633789062
2023-05-19 00:00:00+00:00,1.349769949913025,0.9280400276184082,10.914299964904785,80.36499786376953
2023-05-22 00:00:00+00:00,1.3487999439239502,0.9239799976348877,10.868800163269043,80.06500244140625
2023-05-23 00:00:00+00:00,1.3502899408340454,0.9249799847602844,10.902939796447754,80.46499633789062
2023-05-24 00:00:00+00:00,1.3499399423599243,0.9285299777984619,10.955499649047852,80.125
2023-05-25 00:00:00+00:00,1.3588500022888184,0.9296000003814697,10.950650215148926,80.06500244140625
2023-05-26 00:00:00+00:00,1.3643200397491455,0.932449996471405,11.053509712219238,79.98999786376953
2023-05-29 00:00:00+00:00,1.3609000444412231,0.9325699806213379,11.076800346374512,78.96499633789062
2023-05-30 00:00:00+00:00,1.3601000308990479,0.9339100122451782,11.114500045776367,80.21499633789062
2023-05-31 00:00:00+00:00,1.359969973564148,0.9316999912261963,11.181699752807617,79.61000061035156
2023-06-01 00:00:00+00:00,1.356600046157837,0.9350000023841858,11.063199996948242,81.51499938964844
2023-06-02 00:00:00+00:00,1.3443000316619873,0.9293000102043152,11.05208969116211,80.96499633789062
2023-06-05 00:00:00+00:00,1.342829942703247,0.9347000122070312,10.996500015258789,80.76499938964844
2023-06-06 00:00:00+00:00,1.3447999954223633,0.9335500001907349,11.03197956085205,80.56500244140625
2023-06-07 00:00:00+00:00,1.339859962463379,0.9347500205039978,11.091400146484375,81.31500244140625
2023-06-08 00:00:00+00:00,1.3371599912643433,0.933929979801178,11.043290138244629,81.51499938964844
2023-06-09 00:00:00+00:00,1.3361999988555908,0.9274100065231323,10.899399757385254,81.9749984741211
2023-06-12 00:00:00+00:00,1.3336800336837769,0.9301499724388123,10.752599716186523,82.69000244140625
2023-06-13 00:00:00+00:00,1.336300015449524,0.9291099905967712,10.788820266723633,83.84500122070312
2023-06-14 00:00:00+00:00,1.331470012664795,0.9268400073051453,10.642580032348633,83.91500091552734
2023-06-15 00:00:00+00:00,1.3326400518417358,0.922249972820282,10.635499954223633,83.96499633789062
2023-06-16 00:00:00+00:00,1.3221900463104248,0.9135800004005432,10.49779987335205,83.44499969482422
2023-06-19 00:00:00+00:00,1.3198000192642212,0.9139000177383423,10.5649995803833,83.46499633789062
2023-06-20 00:00:00+00:00,1.3209500312805176,0.9153900146484375,10.68632984161377,83.81500244140625
2023-06-21 00:00:00+00:00,1.3225599527359009,0.9157199859619141,10.7221097946167,84.71399688720703
2023-06-22 00:00:00+00:00,1.316100001335144,0.9096999764442444,10.64330005645752,83.61499786376953
2023-06-23 00:00:00+00:00,1.3145899772644043,0.9125000238418579,10.64540958404541,80.94999694824219
2023-06-26 00:00:00+00:00,1.3164700269699097,0.9168699979782104,10.81151008605957,83.61499786376953
2023-06-27 00:00:00+00:00,1.315000057220459,0.9165499806404114,10.726590156555176,84.375
2023-06-28 00:00:00+00:00,1.3197699785232544,0.9126399755477905,10.790160179138184,85.33999633789062
2023-06-29 00:00:00+00:00,1.3251800537109375,0.916100025177002,10.763199806213379,85.8550033569336
2023-06-30 00:00:00+00:00,1.3250000476837158,0.9201300144195557,10.798620223999023,86.82499694824219
2023-07-03 00:00:00+00:00,1.3250000476837158,0.9168000221252441,10.746199607849121,87.91500091552734
2023-07-04 00:00:00+00:00,1.3248000144958496,0.9163299798965454,10.685330390930176,89.47000122070312
2023-07-05 00:00:00+00:00,1.322350025177002,0.9186999797821045,10.640910148620605,89.96499633789062
2023-07-06 00:00:00+00:00,1.3285900354385376,0.9211000204086304,10.678099632263184,91.21499633789062
2023-07-07 00:00:00+00:00,1.3365399837493896,0.9182199835777283,10.757450103759766,91.21499633789062
2023-07-10 00:00:00+00:00,1.3278000354766846,0.9115999937057495,10.631640434265137,91.2249984741211
2023-07-11 00:00:00+00:00,1.3273999691009521,0.9085999727249146,10.474510192871094,90.51499938964844
2023-07-12 00:00:00+00:00,1.3227699995040894,0.9079300165176392,10.340510368347168,90.46499633789062
2023-07-13 00:00:00+00:00,1.3182799816131592,0.8973000049591064,10.107430458068848,90.46499633789062
2023-07-14 00:00:00+00:00,1.3112499713897705,0.8909900188446045,9.943519592285156,90.09500122070312
2023-07-17 00:00:00+00:00,1.3224999904632568,0.8906499743461609,10.050800323486328,90.21499633789062
2023-07-18 00:00:00+00:00,1.3201500177383423,0.8898699879646301,10.062600135803223,90.56999969482422
2023-07-19 00:00:00+00:00,1.3166199922561646,0.89055997133255,10.05027961730957,90.96499633789062
2023-07-20 00:00:00+00:00,1.3163000345230103,0.8924400210380554,10.037969589233398,91.91500091552734
2023-07-21 00:00:00+00:00,1.3174200057983398,0.8978999853134155,10.068460464477539,90.06500244140625
2023-07-24 00:00:00+00:00,1.3223999738693237,0.8988500237464905,10.090499877929688,90.46499633789062
2023-07-25 00:00:00+00:00,1.3174599409103394,0.9039000272750854,10.05465030670166,90.41500091552734
2023-07-26 00:00:00+00:00,1.3187099695205688,0.9049400091171265,10.062859535217285,90.16500091552734
2023-07-27 00:00:00+00:00,1.3204599618911743,0.9026600122451782,10.12362003326416,89.96499633789062
2023-07-28 00:00:00+00:00,1.322700023651123,0.9108499884605408,10.171199798583984,90.66500091552734
2023-07-31 00:00:00+00:00,1.3250999450683594,0.9070900082588196,10.189200401306152,92.0250015258789
2023-08-01 00:00:00+00:00,1.319200038909912,0.9092900156974792,10.112890243530273,91.61499786376953
2023-08-02 00:00:00+00:00,1.3268500566482544,0.9084399938583374,10.156590461730957,92.375
2023-08-03 00:00:00+00:00,1.33433997631073,0.9137300252914429,10.287300109863281,94.01499938964844
2023-08-04 00:00:00+00:00,1.3350600004196167,0.9131100177764893,10.226719856262207,94.96499633789062
2023-08-07 00:00:00+00:00,1.3372999429702759,0.9088699817657471,10.136730194091797,95.83999633789062
2023-08-08 00:00:00+00:00,1.3371200561523438,0.9088299870491028,10.146730422973633,95.71499633789062
2023-08-09 00:00:00+00:00,1.3424999713897705,0.9125000238418579,10.264860153198242,97.16999816894531
2023-08-10 00:00:00+00:00,1.341879963874817,0.9109399914741516,10.196149826049805,96.83999633789062
2023-08-11 00:00:00+00:00,1.344480037689209,0.910610020160675,10.313949584960938,96.98999786376953
2023-08-14 00:00:00+00:00,1.3439799547195435,0.9137099981307983,10.430500030517578,99.95999908447266
2023-08-15 00:00:00+00:00,1.3458800315856934,0.9165999889373779,10.47642993927002,96.96499633789062
2023-08-16 00:00:00+00:00,1.3490099906921387,0.9170799851417542,10.527179718017578,98.46499633789062
2023-08-17 00:00:00+00:00,1.353659987449646,0.9195500016212463,10.614950180053711,94.46399688720703
2023-08-18 00:00:00+00:00,1.3545199632644653,0.9195700287818909,10.583580017089844,94.46499633789062
2023-08-21 00:00:00+00:00,1.354159951210022,0.9194899797439575,10.642009735107422,95.16500091552734
2023-08-22 00:00:00+00:00,1.3543000221252441,0.9175699949264526,10.617679595947266,93.46499633789062
2023-08-23 00:00:00+00:00,1.3550100326538086,0.92194002866745,10.6243896484375,94.46499633789062
2023-08-24 00:00:00+00:00,1.352370023727417,0.9203199744224548,10.590200424194336,94.96600341796875
2023-08-25 00:00:00+00:00,1.358680009841919,0.9259999990463257,10.725600242614746,94.46499633789062
2023-08-28 00:00:00+00:00,1.3594000339508057,0.9261500239372253,10.679499626159668,95.46499633789062
2023-08-29 00:00:00+00:00,1.3601100444793701,0.923740029335022,10.703049659729004,94.46499633789062
2023-08-30 00:00:00+00:00,1.3558900356292725,0.9200299978256226,10.580269813537598,95.38999938964844
2023-08-31 00:00:00+00:00,1.3535300493240356,0.9146999716758728,10.596570014953613,96.26499938964844
2023-09-01 00:00:00+00:00,1.3509700298309326,0.9221600294113159,10.625280380249023,95.83999633789062
2023-09-04 00:00:00+00:00,1.3594499826431274,0.9279999732971191,10.666399955749512,96.37000274658203
2023-09-05 00:00:00+00:00,1.3598699569702148,0.9264000058174133,10.641050338745117,96.21499633789062
2023-09-06 00:00:00+00:00,1.3638900518417358,0.9322999715805054,10.717399597167969,96.73500061035156
2023-09-07 00:00:00+00:00,1.3638999462127686,0.9324700236320496,10.711810111999512,97.76499938964844
2023-09-08 00:00:00+00:00,1.3683500289916992,0.9347699880599976,10.704110145568848,98.46499633789062
2023-09-11 00:00:00+00:00,1.3626999855041504,0.9330000281333923,10.650670051574707,97.71499633789062
2023-09-12 00:00:00+00:00,1.3578699827194214,0.9301999807357788,10.642550468444824,95.01499938964844
2023-09-13 00:00:00+00:00,1.3551000356674194,0.9299499988555908,10.674360275268555,94.86900329589844
2023-09-14 00:00:00+00:00,1.3552500009536743,0.9315999746322632,10.711529731750488,95.96499633789062
2023-09-15 00:00:00+00:00,1.3514800071716309,0.9401000142097473,10.744819641113281,95.46499633789062
2023-09-18 00:00:00+00:00,1.3521900177001953,0.9373599886894226,10.765700340270996,96.76499938964844
2023-09-19 00:00:00+00:00,1.3487000465393066,0.9352200031280518,10.808759689331055,95.91500091552734
2023-09-20 00:00:00+00:00,1.3442699909210205,0.9361500144004822,10.767160415649414,97.46600341796875
2023-09-21 00:00:00+00:00,1.3476699590682983,0.9387000203132629,10.782959938049316,95.98999786376953
2023-09-22 00:00:00+00:00,1.347749948501587,0.9379500150680542,10.76688003540039,96.06400299072266
2023-09-25 00:00:00+00:00,1.3476999998092651,0.9391000270843506,10.75059986114502,96.26499938964844
2023-09-26 00:00:00+00:00,1.345039963722229,0.9441400170326233,10.805060386657715,94.80500030517578
2023-09-27 00:00:00+00:00,1.3519599437713623,0.946120023727417,10.82371997833252,96.56500244140625
2023-09-28 00:00:00+00:00,1.350100040435791,0.9519000053405762,10.756170272827148,96.06999969482422
2023-09-29 00:00:00+00:00,1.3490999937057495,0.9467499852180481,10.72467041015625,96.61499786376953
2023-10-02 00:00:00+00:00,1.3573700189590454,0.9465000033378601,10.682900428771973,97.96499633789062
2023-10-03 00:00:00+00:00,1.3676300048828125,0.9541299939155579,10.855690002441406,98.76499938964844
2023-10-04 00:00:00+00:00,1.3709100484848022,0.9549000263214111,10.95425033569336,100.96499633789062
2023-10-05 00:00:00+00:00,1.3744200468063354,0.951740026473999,11.004899978637695,99.46499633789062
2023-10-06 00:00:00+00:00,1.3705699443817139,0.948170006275177,10.953630447387695,100.08999633789062
2023-10-09 00:00:00+00:00,1.3661099672317505,0.9463000297546387,10.884300231933594,100.96499633789062
2023-10-10 00:00:00+00:00,1.358049988746643,0.9452800154685974,10.772330284118652,99.21499633789062
2023-10-11 00:00:00+00:00,1.3583600521087646,0.9429699778556824,10.80286979675293,100.26480102539062
2023-10-12 00:00:00+00:00,1.3594499826431274,0.9412400126457214,10.848420143127441,97.71600341796875
2023-10-13 00:00:00+00:00,1.3683799505233765,0.9490600228309631,10.96243953704834,97.69000244140625
2023-10-16 00:00:00+00:00,1.3644299507141113,0.9504299759864807,10.918299674987793,97.66500091552734
2023-10-17 00:00:00+00:00,1.3614399433135986,0.9474800229072571,10.925919532775879,97.31500244140625
2023-10-18 00:00:00+00:00,1.3653000593185425,0.9458000063896179,10.951430320739746,97.99500274658203
2023-10-19 00:00:00+00:00,1.3713799715042114,0.9488999843597412,11.056839942932129,98.07499694824219
2023-10-20 00:00:00+00:00,1.3715300559997559,0.944599986076355,10.992899894714355,96.1500015258789
2023-10-23 00:00:00+00:00,1.370300054550171,0.9442899823188782,11.063790321350098,95.41500091552734
2023-10-24 00:00:00+00:00,1.3688499927520752,0.9372199773788452,11.074029922485352,94.46499633789062
2023-10-25 00:00:00+00:00,1.3741600513458252,0.943809986114502,11.157130241394043,93.44499969482422
2023-10-26 00:00:00+00:00,1.3802900314331055,0.9463199973106384,11.201809883117676,93.96499633789062
2023-10-27 00:00:00+00:00,1.3813999891281128,0.9465699791908264,11.182720184326172,93.61499786376953
2023-10-30 00:00:00+00:00,1.3863400220870972,0.9467499852180481,11.176480293273926,94.16500091552734
2023-10-31 00:00:00+00:00,1.3828599452972412,0.9420599937438965,11.137319564819336,92.5199966430664
2023-11-01 00:00:00+00:00,1.387660026550293,0.9452599883079529,11.163200378417969,93.29000091552734
2023-11-02 00:00:00+00:00,1.3834400177001953,0.9445499777793884,11.13644027709961,92.57499694824219
2023-11-03 00:00:00+00:00,1.3746999502182007,0.9416999816894531,11.152790069580078,93.23999786376953
2023-11-06 00:00:00+00:00,1.3660600185394287,0.9317799806594849,11.022709846496582,91.69599914550781
2023-11-07 00:00:00+00:00,1.369729995727539,0.932699978351593,11.054980278015137,92.62000274658203
2023-11-08 00:00:00+00:00,1.3768500089645386,0.9349200129508972,11.185819625854492,92.06500244140625
2023-11-09 00:00:00+00:00,1.3793200254440308,0.9336699843406677,11.17434024810791,91.81500244140625
2023-11-10 00:00:00+00:00,1.3806999921798706,0.9374200105667114,11.216699600219727,91.63999938964844
2023-11-13 00:00:00+00:00,1.379889965057373,0.9354400038719177,11.096650123596191,92.16999816894531
2023-11-14 00:00:00+00:00,1.3801499605178833,0.9344199895858765,11.073780059814453,91.87999725341797
2023-11-15 00:00:00+00:00,1.3699400424957275,0.9192600250244141,10.871700286865234,90.5
2023-11-16 00:00:00+00:00,1.368340015411377,0.9212700128555298,10.800359725952148,89.41999816894531
2023-11-17 00:00:00+00:00,1.3752100467681885,0.9213399887084961,10.933650016784668,89.31500244140625
2023-11-20 00:00:00+00:00,1.371899962425232,0.9168400168418884,10.815899848937988,89.33999633789062
2023-11-21 00:00:00+00:00,1.3724100589752197,0.9135800004005432,10.694869995117188,88.5199966430664
2023-11-22 00:00:00+00:00,1.3701000213623047,0.9158999919891357,10.655440330505371,88.20999908447266
2023-11-23 00:00:00+00:00,1.3692500591278076,0.9182000160217285,10.75,88.36499786376953
2023-11-24 00:00:00+00:00,1.3695000410079956,0.9168999791145325,10.772089958190918,88.23999786376953
2023-11-27 00:00:00+00:00,1.3630499839782715,0.9140400290489197,10.703760147094727,89.24500274658203
2023-11-28 00:00:00+00:00,1.360700011253357,0.9125400185585022,10.630279541015625,89.04000091552734
2023-11-29 00:00:00+00:00,1.3562999963760376,0.9085999727249146,10.605509757995605,88.84500122070312
2023-11-30 00:00:00+00:00,1.3590199947357178,0.911270022392273,10.652230262756348,88.66500091552734
2023-12-01 00:00:00+00:00,1.3556499481201172,0.9180999994277954,10.805120468139648,89.94000244140625
2023-12-04 00:00:00+00:00,1.348870038986206,0.918429970741272,10.67300033569336,91.19000244140625
2023-12-05 00:00:00+00:00,1.3538999557495117,0.9226999878883362,10.837599754333496,91.46499633789062
2023-12-06 00:00:00+00:00,1.3590999841690063,0.9264699816703796,10.92549991607666,90.17749786376953
2023-12-07 00:00:00+00:00,1.359179973602295,0.9287899732589722,10.971400260925293,92.76499938964844
2023-12-08 00:00:00+00:00,1.3598599433898926,0.9265999794006348,10.866669654846191,92.4000015258789
2023-12-11 00:00:00+00:00,1.3580800294876099,0.9288700222969055,10.897000312805176,92.12000274658203
2023-12-12 00:00:00+00:00,1.357800006866455,0.9287999868392944,10.954440116882324,90.92500305175781
2023-12-13 00:00:00+00:00,1.3585000038146973,0.92603999376297,10.954879760742188,90.26499938964844
2023-12-14 00:00:00+00:00,1.3508100509643555,0.9186000227928162,10.772390365600586,89.31500244140625
2023-12-15 00:00:00+00:00,1.3407000303268433,0.9096199870109558,10.498900413513184,89.48999786376953
2023-12-18 00:00:00+00:00,1.3381600379943848,0.9178299903869629,10.46560001373291,90.61499786376953
2023-12-19 00:00:00+00:00,1.3397799730300903,0.9154300093650818,10.393199920654297,90.48999786376953
2023-12-20 00:00:00+00:00,1.3334200382232666,0.9106600284576416,10.259249687194824,90.44000244140625
2023-12-21 00:00:00+00:00,1.335819959640503,0.9136000275611877,10.342700004577637,90.05500030517578
2023-12-22 00:00:00+00:00,1.3283900022506714,0.9085800051689148,10.27001953125,92.86000061035156
2023-12-25 00:00:00+00:00,1.3256800174713135,0.9068999886512756,10.173999786376953,92.08999633789062
2023-12-26 00:00:00+00:00,1.3250000476837158,0.9074199795722961,10.171199798583984,91.9574966430664
2023-12-27 00:00:00+00:00,1.3195199966430664,0.9055500030517578,10.136549949645996,91.59500122070312
2023-12-28 00:00:00+00:00,1.320199966430664,0.9002000093460083,10.098340034484863,91.61000061035156
2023-12-29 00:00:00+00:00,1.3229600191116333,0.9034900069236755,10.180330276489258,88.44000244140625
2024-01-01 00:00:00+00:00,1.3239200115203857,0.9045000076293945,10.162910461425781,89.21499633789062
2024-01-02 00:00:00+00:00,1.3242000341415405,0.9059000015258789,10.13821029663086,89.21499633789062
2024-01-03 00:00:00+00:00,1.332200050354004,0.9139299988746643,10.343620300292969,90.3949966430664
2024-01-04 00:00:00+00:00,1.3347699642181396,0.9150999784469604,10.330769538879395,91.96499633789062
2024-01-05 00:00:00+00:00,1.3355000019073486,0.9134600162506104,10.291399955749512,91.31500244140625
2024-01-08 00:00:00+00:00,1.3359800577163696,0.91389000415802,10.300000190734863,90.8949966430664
2024-01-09 00:00:00+00:00,1.3349000215530396,0.913100004196167,10.359020233154297,90.8949966430664
2024-01-10 00:00:00+00:00,1.338919997215271,0.9147099852561951,10.359199523925781,90.8949966430664
2024-01-11 00:00:00+00:00,1.3378499746322632,0.9111499786376953,10.344969749450684,90.88999938964844
2024-01-12 00:00:00+00:00,1.3379900455474854,0.910610020160675,10.289790153503418,89.88999938964844
2024-01-15 00:00:00+00:00,1.340939998626709,0.9136000275611877,10.28711986541748,89.88999938964844
2024-01-16 00:00:00+00:00,1.3435800075531006,0.9136000275611877,10.350090026855469,89.88999938964844
2024-01-17 00:00:00+00:00,1.3489999771118164,0.919219970703125,10.461159706115723,87.94999694824219
2024-01-18 00:00:00+00:00,1.3502800464630127,0.9186300039291382,10.503210067749023,88.62000274658203
2024-01-19 00:00:00+00:00,1.348620057106018,0.919189989566803,10.524459838867188,88.62000274658203
2024-01-22 00:00:00+00:00,1.3431600332260132,0.9180799722671509,10.480279922485352,89.41999816894531
2024-01-23 00:00:00+00:00,1.347790002822876,0.9190999865531921,10.518950462341309,87.98999786376953
2024-01-24 00:00:00+00:00,1.3456000089645386,0.920989990234375,10.497770309448242,87.98999786376953
2024-01-25 00:00:00+00:00,1.3525400161743164,0.918969988822937,10.465239524841309,88.69000244140625
2024-01-26 00:00:00+00:00,1.3477699756622314,0.9219099879264832,10.433159828186035,88.0
2024-01-29 00:00:00+00:00,1.3453999757766724,0.9222099781036377,10.42471981048584,88.0
2024-01-30 00:00:00+00:00,1.3411400318145752,0.922980010509491,10.416589736938477,89.2699966430664
2024-01-31 00:00:00+00:00,1.3401700258255005,0.92221999168396,10.437270164489746,89.73999786376953
2024-02-01 00:00:00+00:00,1.3435499668121338,0.9255899786949158,10.51393985748291,89.9800033569336
2024-02-02 00:00:00+00:00,1.3382999897003174,0.9195700287818909,10.429129600524902,90.41000366210938
2024-02-05 00:00:00+00:00,1.3470100164413452,0.9276400208473206,10.617500305175781,90.98999786376953
2024-02-06 00:00:00+00:00,1.3543000221252441,0.9309399724006653,10.688579559326172,90.98999786376953
2024-02-07 00:00:00+00:00,1.34893000125885,0.929610013961792,10.58810043334961,90.51000213623047
2024-02-08 00:00:00+00:00,1.3464000225067139,0.9280099868774414,10.581700325012207,90.51000213623047
2024-02-09 00:00:00+00:00,1.3459999561309814,0.9278799891471863,10.612839698791504,91.16999816894531
2024-02-12 00:00:00+00:00,1.3457800149917603,0.9260799884796143,10.53242015838623,91.37000274658203
2024-02-13 00:00:00+00:00,1.3455300331115723,0.928309977054596,10.497750282287598,91.37000274658203
2024-02-14 00:00:00+00:00,1.3565800189971924,0.9337999820709229,10.669059753417969,91.5
2024-02-15 00:00:00+00:00,1.3538700342178345,0.9317799806594849,10.577300071716309,91.63999938964844
2024-02-16 00:00:00+00:00,1.3465299606323242,0.9281700253486633,10.523260116577148,92.2699966430664
2024-02-19 00:00:00+00:00,1.3477799892425537,0.9272199869155884,10.495200157165527,92.2699966430664
2024-02-20 00:00:00+00:00,1.3497999906539917,0.9280400276184082,10.48904037475586,92.47000122070312
2024-02-21 00:00:00+00:00,1.3521900177001953,0.9247999787330627,10.484450340270996,92.0999984741211
2024-02-22 00:00:00+00:00,1.3496999740600586,0.9241799712181091,10.474610328674316,92.0999984741211
2024-02-23 00:00:00+00:00,1.348140001296997,0.9237300157546997,10.496310234069824,93.04000091552734
2024-02-26 00:00:00+00:00,1.3507200479507446,0.9242100119590759,10.531720161437988,93.04000091552734
2024-02-27 00:00:00+00:00,1.3501299619674683,0.9215800166130066,10.498270034790039,91.87000274658203
2024-02-28 00:00:00+00:00,1.3531700372695923,0.9221000075340271,10.525270462036133,91.87000274658203
2024-02-29 00:00:00+00:00,1.3577500581741333,0.9226099848747253,10.590479850769043,91.87000274658203
2024-03-01 00:00:00+00:00,1.3573700189590454,0.9254999756813049,10.618359565734863,91.48999786376953
2024-03-04 00:00:00+00:00,1.355239987373352,0.9222800135612488,10.512900352478027,91.48999786376953
2024-03-05 00:00:00+00:00,1.357200026512146,0.9212200045585632,10.567540168762207,91.48999786376953
2024-03-06 00:00:00+00:00,1.3589999675750732,0.9211500287055969,10.569299697875977,91.61000061035156
2024-03-07 00:00:00+00:00,1.3512699604034424,0.9174699783325195,10.479049682617188,90.80999755859375
2024-03-08 00:00:00+00:00,1.3451999425888062,0.9132300019264221,10.396010398864746,90.80999755859375
2024-03-11 00:00:00+00:00,1.348449945449829,0.9138299822807312,10.422829627990723,90.94000244140625
2024-03-12 00:00:00+00:00,1.347749948501587,0.9147999882698059,10.440799713134766,90.48999786376953
2024-03-13 00:00:00+00:00,1.349310040473938,0.9150999784469604,10.509550094604492,91.72000122070312
2024-03-14 00:00:00+00:00,1.3466299772262573,0.9128000140190125,10.46854019165039,91.33999633789062
2024-03-15 00:00:00+00:00,1.3537700176239014,0.9188299775123596,10.56527042388916,91.33999633789062
2024-03-18 00:00:00+00:00,1.3546099662780762,0.9189000129699707,10.62279987335205,92.5199966430664
2024-03-19 00:00:00+00:00,1.3534799814224243,0.9196299910545349,10.641169548034668,92.5199966430664
2024-03-20 00:00:00+00:00,1.3573100566864014,0.9205300211906433,10.638669967651367,91.44000244140625
2024-03-21 00:00:00+00:00,1.347190022468567,0.9143099784851074,10.546380043029785,91.44000244140625
2024-03-22 00:00:00+00:00,1.3526999950408936,0.9206100106239319,10.660940170288086,92.3499984741211
2024-03-25 00:00:00+00:00,1.3611500263214111,0.925279974937439,10.750539779663086,92.12000274658203
2024-03-26 00:00:00+00:00,1.3584599494934082,0.9226599931716919,10.71306037902832,92.4749984741211
2024-03-27 00:00:00+00:00,1.3581000566482544,0.9231600165367126,10.754599571228027,92.47000122070312
2024-03-28 00:00:00+00:00,1.3586000204086304,0.924780011177063,10.797900199890137,92.44000244140625
2024-03-29 00:00:00+00:00,1.353600025177002,0.9264000058174133,10.84060001373291,92.44000244140625
2024-04-01 00:00:00+00:00,1.3521900177001953,0.9265499711036682,10.845000267028809,92.56999969482422
2024-04-02 00:00:00+00:00,1.3573700189590454,0.9313399791717529,10.962949752807617,92.27999877929688
2024-04-03 00:00:00+00:00,1.3564300537109375,0.928629994392395,10.831520080566406,92.27999877929688
2024-04-04 00:00:00+00:00,1.3523800373077393,0.9226499795913696,10.708490371704102,92.44999694824219
2024-04-05 00:00:00+00:00,1.354449987411499,0.922760009765625,10.729530334472656,92.44999694824219
2024-04-08 00:00:00+00:00,1.3604099750518799,0.9233199954032898,10.750900268554688,92.56999969482422
2024-04-09 00:00:00+00:00,1.3570799827575684,0.9204999804496765,10.674420356750488,92.62000274658203
2024-04-10 00:00:00+00:00,1.3572900295257568,0.9208700060844421,10.664899826049805,92.62000274658203
2024-04-11 00:00:00+00:00,1.3687000274658203,0.9309499859809875,10.836580276489258,92.88999938964844
2024-04-12 00:00:00+00:00,1.368690013885498,0.9322400093078613,10.820159912109375,92.88999938964844
2024-04-15 00:00:00+00:00,1.3758000135421753,0.9390000104904175,10.865699768066406,93.30000305175781
2024-04-16 00:00:00+00:00,1.3786300420761108,0.9411100149154663,10.931400299072266,93.30000305175781
2024-04-17 00:00:00+00:00,1.3818800449371338,0.9414899945259094,10.968589782714844,93.30000305175781
2024-04-18 00:00:00+00:00,1.3771799802780151,0.9372599720954895,11.003299713134766,94.13999938964844
2024-04-19 00:00:00+00:00,1.3769299983978271,0.9394800066947937,11.05303955078125,93.69999694824219
2024-04-22 00:00:00+00:00,1.373900055885315,0.9382399916648865,11.012999534606934,93.69999694824219
2024-04-23 00:00:00+00:00,1.3700499534606934,0.9386100172996521,10.979880332946777,93.0199966430664
2024-04-24 00:00:00+00:00,1.3660600185394287,0.9341999888420105,10.90386962890625,93.0199966430664
2024-04-25 00:00:00+00:00,1.370419979095459,0.9345899820327759,10.99020004272461,93.47000122070312
2024-04-26 00:00:00+00:00,1.3658000230789185,0.9319999814033508,10.955780029296875,92.2699966430664
2024-04-29 00:00:00+00:00,1.36558997631073,0.9339799880981445,11.015390396118164,92.2699966430664
2024-04-30 00:00:00+00:00,1.36667001247406,0.933210015296936,10.987279891967773,93.41999816894531
2024-05-01 00:00:00+00:00,1.3776999711990356,0.9375100135803223,11.11497974395752,93.41999816894531
2024-05-02 00:00:00+00:00,1.3723000288009644,0.932699978351593,11.017459869384766,93.26000213623047
2024-05-03 00:00:00+00:00,1.3666199445724487,0.9316999912261963,10.974140167236328,93.26000213623047
2024-05-06 00:00:00+00:00,1.3691500425338745,0.9295300245285034,10.862799644470215,93.26000213623047
2024-05-07 00:00:00+00:00,1.3670899868011475,0.9287199974060059,10.8300199508667,91.06999969482422
2024-05-08 00:00:00+00:00,1.3733199834823608,0.9301900267601013,10.919300079345703,91.06999969482422
2024-05-09 00:00:00+00:00,1.3727200031280518,0.9304999709129333,10.901729583740234,91.27999877929688
2024-05-10 00:00:00+00:00,1.3677799701690674,0.9272000193595886,10.834759712219238,91.62000274658203
2024-05-13 00:00:00+00:00,1.3676999807357788,0.9284700155258179,10.84945011138916,91.62000274658203
2024-05-14 00:00:00+00:00,1.366569995880127,0.9264799952507019,10.808500289916992,91.62000274658203
2024-05-15 00:00:00+00:00,1.365280032157898,0.9246799945831299,10.800169944763184,91.31999969482422
2024-05-16 00:00:00+00:00,1.3596999645233154,0.9182900190353394,10.648280143737793,90.74500274658203
2024-05-17 00:00:00+00:00,1.3614599704742432,0.9201499819755554,10.688559532165527,90.74500274658203
2024-05-20 00:00:00+00:00,1.3607900142669678,0.9194999933242798,10.6670503616333,90.74500274658203
2024-05-21 00:00:00+00:00,1.3621000051498413,0.920740008354187,10.692500114440918,90.29000091552734
2024-05-22 00:00:00+00:00,1.3640300035476685,0.9212200045585632,10.663800239562988,90.31999969482422
2024-05-23 00:00:00+00:00,1.368899941444397,0.923770010471344,10.704489707946777,90.31999969482422
2024-05-24 00:00:00+00:00,1.3732099533081055,0.924839973449707,10.667900085449219,91.62000274658203
2024-05-27 00:00:00+00:00,1.3666000366210938,0.9218599796295166,10.588899612426758,91.62000274658203
2024-05-28 00:00:00+00:00,1.3628900051116943,0.9206500053405762,10.476900100708008,91.62000274658203
2024-05-29 00:00:00+00:00,1.3645999431610107,0.921500027179718,10.514519691467285,91.62000274658203
2024-05-30 00:00:00+00:00,1.3717000484466553,0.9257699847221375,10.58584976196289,89.56999969482422
2024-05-31 00:00:00+00:00,1.3683300018310547,0.9229000210762024,10.551300048828125,89.56999969482422
2024-06-03 00:00:00+00:00,1.3618899583816528,0.9214000105857849,10.492500305175781,90.41999816894531
2024-06-04 00:00:00+00:00,1.3628699779510498,0.9168099761009216,10.446999549865723,89.31999969482422
2024-06-05 00:00:00+00:00,1.3676199913024902,0.9189599752426147,10.550939559936523,88.52999877929688
2024-06-06 00:00:00+00:00,1.36899995803833,0.9195799827575684,10.567279815673828,89.04549407958984
2024-06-07 00:00:00+00:00,1.366819977760315,0.917900025844574,10.550239562988281,89.32048797607422
2024-06-10 00:00:00+00:00,1.3759000301361084,0.9277399778366089,10.71500015258789,88.8342514038086
2024-06-11 00:00:00+00:00,1.3761199712753296,0.9290000200271606,10.643850326538086,88.8700180053711
2024-06-12 00:00:00+00:00,1.3754899501800537,0.9310700297355652,10.690159797668457,89.24626922607422
2024-06-13 00:00:00+00:00,1.372189998626709,0.9247999787330627,10.579500198364258,88.9970932006836
2024-06-14 00:00:00+00:00,1.3740999698638916,0.9312000274658203,10.648750305175781,87.87535095214844
2024-06-17 00:00:00+00:00,1.3732999563217163,0.9343900084495544,10.675200462341309,88.06436157226562
2024-06-18 00:00:00+00:00,1.3713300228118896,0.9310399889945984,10.648209571838379,88.72040557861328
2024-06-19 00:00:00+00:00,1.3716200590133667,0.930899977684021,10.574250221252441,85.37165832519531
2024-06-20 00:00:00+00:00,1.3705799579620361,0.9301000237464905,10.5625,83.49625396728516
2024-06-21 00:00:00+00:00,1.3684699535369873,0.9340199828147888,10.54010009765625,87.37244415283203
2024-06-24 00:00:00+00:00,1.370129942893982,0.9356499910354614,10.579970359802246,87.3442153930664
2024-06-25 00:00:00+00:00,1.3657900094985962,0.9317299723625183,10.532400131225586,87.99541473388672
2024-06-26 00:00:00+00:00,1.3661099672317505,0.9337400197982788,10.614899635314941,87.4979476928711
2024-06-27 00:00:00+00:00,1.3704500198364258,0.9363200068473816,10.683819770812988,88.2453842163086
